[
  {
    "name": "[ 𝐒𝐩𝐞𝐜𝐢𝐚𝐥 ] 𝐒𝐂 𝐏𝐮𝐬𝐡𝐤𝐨𝐧𝐭𝐚𝐤 𝐁𝐲 𝐄𝐫𝐢𝐳𝐚",
    "link": "https://www.mediafire.com/file/8780hhxxtgmoif8/%25F0%2590%25B4%25B5_%25F0%259D%2598%259A%25F0%259D%2598%25BA%25F0%259D%2598%25A4%25F0%259D%2598%25B0%25F0%259D%2598%2597%25F0%259D%2598%25B6%25F0%259D%2598%25B4%25F0%259D%2598%25A9_%25F0%259D%2598%2589%25F0%259D%2598%25BA_%25F0%259D%2598%258C%25F0%259D%2598%25B3%25F0%259D%2598%25AA%25F0%259D%2598%25BBa.zip/file"
  },
  {
    "name": "SC Bug KillerHorse Gen 1",
    "link": "https://www.mediafire.com/file/po1ctd4folux9g1/%25F0%259D%2599%25BA%25F0%259D%2599%25B8%25F0%259D%2599%25BB%25F0%259D%2599%25BB%25F0%259D%2599%25B4%25F0%259D%259A%2581%25F0%259D%2599%25B7%25F0%259D%2599%25BE%25F0%259D%259A%2581%25F0%259D%259A%2582%25F0%259D%2599%25B4_%25F0%259D%2599%25B6%25F0%259D%2599%25B4%25F0%259D%2599%25BD_%25F0%259D%259F%25B7_%25F0%259D%2599%25B4%25F0%259D%2599%25BD%25F0%259D%2599%25B2_SHARE_%2540%25F0%259D%2597%25A0%25F0%259D%2597%2594%25F0%259D%2597%25A8%25F0%259D%2597%259F_%25F0%259D%2597%25AB_%25F0%259D%2597%2596%25F0%259D%2597%259C%25F0%259D%2597%259E%25F0%259D%2597%25A6%25F0%259D%2597%25A6.zip/file"
  },
  {
    "name": "Script MDv15",
    "link": "https://www.mediafire.com/file/0b5sh1burvfmc76/MdV15New2025.zip/file"
  },
  {
    "name": "Script Dora V1 No Enc",
    "link": "https://www.mediafire.com/file/84ux7gh7hmok3ig/Dora+v1+No+Enc.zip/file"
  },
  {
    "name": "SC Oscar V1",
    "link": "https://www.mediafire.com/file/sspzbbtfb105yih/OSCAR_V1%2540YanzOfc.zip/file"
  },
  {
    "name": "SC ExvBugV5 Enc",
    "link": "https://www.mediafire.com/file/l0tabdhjlpilsmt/ExvBugV5_Enc%2540YanzOfc.zip/file"
  },
  {
    "name": "SC DERIONS V4.0 Enc",
    "link": "https://www.mediafire.com/file/vuc9om8qehdae6q/SIMPLE_BUG_DERIONS_V4._0_%255BENC%255D%2540YanzOfc.zip/file"
  },
  {
    "name": "Script Dema-CPANEL (Button)",
    "link": "https://www.mediafire.com/file/8c7esz7olbbpq47/Dema-cpanel_%2528button%2529_%25C2%25A9aima.zip/file"
  },
  {
    "name": "SC JPM+PUSHKONTAK",
    "link": "https://www.mediafire.com/file/309az1of3lc8ept/SC_JPM%252BPUSHKONTK_BYalpindev_%25C2%25A9northz.zip/file"
  },
  {
    "name": "SC YORI CHAN MD",
    "link": "https://www.mediafire.com/file/tuvccdo5g3ravcv/Yori_Chan.zip/file"
  },
  {
    "name": "Script ITACHIV4",
    "link": "https://www.mediafire.com/file/vaehxnh9b2wlyn0/ITACHIV4ROR_-_BY_MAUL_X_CIKSS.zip/file"
  },
  {
    "name": "SC Astrobot V4",
    "link": "https://www.mediafire.com/file/ncykb79xex2a7fk/ASTROBOT_V4_%2540egi.zip/file"
  },
  {
    "name": "Fushiguro Snake V6",
    "link": "https://www.mediafire.com/file/kiac91a0rudmo5v/Fushiguro_Snake_V6_%25C2%25A9Dilxz.zip/file"
  },
  {
    "name": "BaseBot Tele By Cikss",
    "link": "https://www.mediafire.com/file/uk856jnqol7w68s/Base_Telegram_-_BY_CIKSS_OFFICIAL.zip/file"
  },
  {
    "name": "SC VOID STORM V10",
    "link": "https://www.mediafire.com/file/0nagoa15verruva/VOID+STORM+V10+GlX.zip/file"
  },
  {
    "name": "SC GawrGura V2",
    "link": "https://www.mediafire.com/file/sd6w8cgiucqo2u6/GawrGura_V2_SHARE_%2540%25F0%259D%2597%25A0%25F0%259D%2597%2594%25F0%259D%2597%25A8%25F0%259D%2597%259F_%25F0%259D%2597%25AB_%25F0%259D%2597%2596%25F0%259D%2597%259C%25F0%259D%2597%259E%25F0%259D%2597%25A6%25F0%259D%2597%25A6.zip/file"
  },
  {
    "name": "SCUltramen V3 Enc",
    "link": "https://www.mediafire.com/file/j3duad4gc9yu9rt/Script_Ultramen_V3_%2528_Enc_%2529_%25282%2529.zip/file"
  },
  {
    "name": "SC Nusantara V4",
    "link": "https://www.mediafire.com/file/tzpdfn4n0mrfk3r/NusantaraV4_Stable_Version.zip/file"
  },
  {
    "name": "SC Tele AlkaxNay V3.5",
    "link": "https://www.mediafire.com/file/chlek83zfdtykqg/AlkaxNay_Update_V3.5%2528_TELEGRAM_ENC_%2529_Share_By_%2540DanzZ.zip/file"
  },
  {
    "name": "Zeno Gen Alpha S2",
    "link": "https://www.mediafire.com/file/ovdtt2asdw0gbgd/%25F0%259F%25A6%25A0%25F0%259D%2590%2599%25F0%259D%2590%259E%25F0%259D%2590%25A7%25F0%259D%2590%25A8_%25F0%259D%2590%2586%25F0%259D%2590%259E%25F0%259D%2590%25A7_%25F0%259D%2590%2580%25F0%259D%2590%25A5%25F0%259D%2590%25A9%25F0%259D%2590%25A1%25F0%259D%2590%259A_%25F0%259D%2590%2592%25F0%259D%259F%2590%25F0%259F%258E%25AD%25E2%2586%25AF_%2528FIX%2529_.zip/file"
  },
  {
    "name": "Finix Base No Enc",
    "link": "https://www.mediafire.com/file/vtr10lux6bdyo5i/Finix_Base_NoEnc.zip/file"
  },
  {
    "name": "SC LAXXYBOTZ V1",
    "link": "https://www.mediafire.com/file/6vynlbjljo8x034/LAXXYBOTZ%257EV1.zip/file"
  },
  {
    "name": "Tequila V2 No Enc",
    "link": "https://www.mediafire.com/file/wxm6wpffm0ksz88/TEQUILA_V2_NO_ENC.zip/file"
  },
  {
    "name": "SCRIPT CPANEL BUTTON",
    "link": "https://www.mediafire.com/file/u2ldmxqc3girbm8/project_SC_cpanel_button_via_wa.zip/file"
  },
  {
    "name": "SC JustinV15 Gen2",
    "link": "https://www.mediafire.com/file/d49i9t0hdiqtc89/Justin-V15_Gen2_Free%252CGratis.zip/file"
  },
  {
    "name": "Hoshino-Ai Cpanel X Jpm",
    "link": "https://www.mediafire.com/file/da0vcbwea5whvii/Ai+Hoshino+Cpanel+x+Jpm+Ch+by+Yuma+Keei.zip/file"
  },
  {
    "name": "Script GilzBot MD",
    "link": "https://www.mediafire.com/file/0oo6db8gr3psnpv/Gilzbotmd.zip/file"
  },
  {
    "name": "SC CPANEL TELEGRAM",
    "link": "https://www.mediafire.com/file/35ph3irzdzh4stw/cpanel_via_tele_%2540egi_.zip/file"
  },
  {
    "name": "SC TAKA BUG V4",
    "link": "https://www.mediafire.com/file/qdrvzv69o8f6ptj/taka_bug_v4_by_krissxdOfc.zip/file"
  },
  {
    "name": "SCRIPT FAMZY-MD",
    "link": "https://www.mediafire.com/file/y8ifaqkdjo5mt3b/ꜰᴀᴍᴢʏ+ᴍᴜʟᴛɪ+ᴅᴇᴠɪᴄᴇ+ʙᴏᴛ.zip/file"
  },
  {
    "name": "SC MAKIMA - MD",
    "link": "https://www.mediafire.com/file/s1dlhq0ip4lh8dg/MAKIMA-MD_KYAMI_SILENCE.zip/file"
  },
  {
    "name": "SC Base By Andrazyy",
    "link": "https://www.mediafire.com/file/v0e4nrxxjx24e64/SC+base+kosong+Andrazyy.zip/file"
  },
  {
    "name": "RESSXZV1 FIX Encrypt",
    "link": "https://www.mediafire.com/file/lzea2qf5ft69bza/RESSXZV1_FIX_ENC.zip/file"
  },
  {
    "name": "XNOCURE NEST Slimmvz",
    "link": "https://www.mediafire.com/file/kabrc3ub5853j7r/%25F0%2592%2586%259C_XNOCURE_NEST_SLimmvz%25F0%259F%25A6%25A0%25F0%259F%2590%2589.zip/file"
  },
  {
    "name": "DEMONIC CRASH V1",
    "link": "https://www.mediafire.com/file/tzzt1bw0q4t7k0o/DEMONIC_CRASH_V1_SHARE_%2540%25F0%259D%2597%25A0%25F0%259D%2597%2594%25F0%259D%2597%25A8%25F0%259D%2597%259F_%25F0%259D%2597%25AB_%25F0%259D%2597%2596%25F0%259D%2597%259C%25F0%259D%2597%259E%25F0%259D%2597%25A6%25F0%259D%2597%25A6.zip/file"
  },
  {
    "name": "SC SATORU V2.0",
    "link": "https://www.mediafire.com/file/3ml6bpvn0qxgexm/SatoruVersion_2%252C0_-_BY_CIKSS_OFFICIAL.zip/file"
  },
  {
    "name": "SASUKE CRASH GEN 1",
    "link": "https://www.mediafire.com/file/zlvxkzefmzhzgjf/SC_SASUKE_CRASH_GEN_1_NEWW_UPDATE_%2528ENC%2529_-_BY_MAUL_X_CIKSS.zip/file"
  },
  {
    "name": "SC CIMA PUSHKONTAK",
    "link": "https://www.mediafire.com/file/wnfuf0839ohxzle/CimaBotzNew%25E2%259A%25A1.zip/file"
  },
  {
    "name": "SC MADARA FIX BUG",
    "link": "https://www.mediafire.com/file/vmn1avhe3pcor87/MADARA_ENC_FIXED_BUG_-_BY_MAUL_X_CIKSS.zip/file"
  },
  {
    "name": "SCRIPT GALAXY V10",
    "link": "https://www.mediafire.com/file/re16gsms7tfns9b/%25F0%259D%2590%2592%25F0%259D%2590%2582%25F0%259D%2590%2591%25F0%259D%2590%2588%25F0%259D%2590%258F%25F0%259D%2590%2593_%25F0%259D%2590%2586%25F0%259D%2590%2580%25F0%259D%2590%258B%25F0%259D%2590%2580%25F0%259D%2590%2597%25F0%259D%2590%2598_%25F0%259D%2590%2595%25F0%259D%259F%258F%25F0%259D%259F%258E_%2528KHUSUS_BUYER%2529_%2540aima.zip/file"
  },
  {
    "name": "SC FALLEN XHIPER",
    "link": "https://www.mediafire.com/file/y06glbe867ibf62/𝘍𝘢𝘭𝘭𝘦𝘯+𝘟𝘩𝘪𝘱𝘦𝘳+🪽.zip/file"
  },
  {
    "name": "Script ShoyuV2",
    "link": "https://www.mediafire.com/file/q5bq8vj1uq8cpct/shoyuV2_NoDb_%2540dann.zip/file"
  },
  {
    "name": "SC DIFFUSIONS FLOIDs",
    "link": "https://www.mediafire.com/file/qt4l7ic9lg4tmun/DIFFUSIONS+FLOIDs+@dildilaaxd.zip/file"
  },
  {
    "name": "Script NADIR V26",
    "link": "https://www.mediafire.com/file/yfum842fxh9pwni/NADIR_V26_by_NADIR-SIR.zip/file"
  },
  {
    "name": "JISUN MD 1000+ FITUR",
    "link": "https://www.mediafire.com/file/6vcoieqlo8e6he1/JisunMd.zip/file"
  },
  {
    "name": "SCRIPT SHOYU V3 ORI",
    "link": "https://www.mediafire.com/file/zes9s9onccf0uwd/SC+SHOYU+V3+ORI+(+TELE+).zip/file"
  },
  {
    "name": "SC SLAYER GEN 3 Encrypt",
    "link": "https://www.mediafire.com/file/gwg0mtfz9av293f/%25F0%259D%2590%2592%25CD%258B%25F0%259D%2590%258B%25CD%25A2%25CD%258A%25CD%2582%25F0%259D%2590%2580%25D6%25B1%25F0%259D%2590%2598%25E0%25BA%25BC%25E2%2583%2591%25E2%2583%2591%25E2%2583%2590%25F0%259D%2590%2584%25E2%2583%25AF%25E2%2583%25AF%25F0%259D%2590%2591_%25F0%259D%2590%2586%25CD%258C%25CD%258D%25CD%25A2%25F0%259D%2590%2584%25CC%25BE%25CC%25BE%25F0%259D%2590%258D_%25CD%259B%25CD%259B%25F0%259D%259F%2591%25CD%258D.%25F0%259D%259F%258E%25CD%258B_ENC.zip/file"
  },
  {
    "name": "SC Kayoko-MD Slimmvz",
    "link": "https://www.mediafire.com/file/3ylawpsm0eeg72n/%25F0%2592%2586%259C_Kayoko-MD_SLimmvz%25F0%259F%2590%2589.zip/file"
  },
  {
    "name": "SC Kxz Base",
    "link": "https://www.mediafire.com/file/6yjd2dd6tdcrxns/KxzBase.zip/file"
  },
  {
    "name": "SC Base Takashi NoEnc",
    "link": "https://www.mediafire.com/file/yz589pou3v2hfbw/takashi.zip/file"
  },
  {
    "name": "SC AssasinCrashV2 No Enc",
    "link": "https://www.mediafire.com/file/qokuxukhfxzcfol/%25F0%259D%2590%2580%25F0%259D%2590%25AC%25F0%259D%2590%25AC%25F0%259D%2590%259A%25F0%259D%2590%25AC%25F0%259D%2590%25A2%25F0%259D%2590%25A7%25F0%259D%2590%2582%25F0%259D%2590%25AB%25F0%259D%2590%259A%25F0%259D%2590%25AC%25F0%259D%2590%25A1_%25F0%259D%2590%2595%25F0%259D%259F%2590_%25F0%259D%259F%258E_NO_ENC_%2540%25F0%259D%2597%25A0%25F0%259D%2597%2594%25F0%259D%2597%25A8%25F0%259D%2597%259F_%25F0%259D%2597%25AB_%25F0%259D%2597%2596%25F0%259D%2597%259C%25F0%259D%2597%259E%25F0%259D%2597%25A6%25F0%259D%2597%25A6.zip/file"
  },
  {
    "name": "RayzInflow CrasherV1",
    "link": "https://www.mediafire.com/file/c1qfs8yb4fi0snc/©+𝐑𝐚𝐲𝐳𝐈𝐧𝐟𝐥𝐨𝐰+𝐂𝐫𝐚𝐬𝐡𝐞𝐫+𝐕1+Fix+Menu.zip/file"
  },
  {
    "name": "SC Charisma V3.5",
    "link": "https://www.mediafire.com/file/57ba9l1zq1aqdwl/𝐂𝐇𝐀𝐑𝐈𝐒𝐌𝐀+𝐕➌.➎🐾.zip/file"
  },
  {
    "name": "SC MoraAi V11",
    "link": "https://www.mediafire.com/file/en5vd8g0k2geql7/MoraAI+V11.zip/file"
  },
  {
    "name": "SC ASTRALXBUG V2",
    "link": "https://www.mediafire.com/file/h2p3czb2n25qmv0/%25F0%259D%2590%2580%25F0%259D%2590%2592%25F0%259D%2590%2593%25F0%259D%2590%2591%25F0%259D%2590%2580%25F0%259D%2590%258B%25F0%259D%2590%2597%25F0%259D%2590%2581%25F0%259D%2590%2594%25F0%259D%2590%2586_%25F0%259D%2590%2595%25F0%259D%2590%2584%25F0%259D%2590%2591%25F0%259D%2590%2592%25F0%259D%2590%2588%25F0%259D%2590%258E%25F0%259D%2590%258D_%25F0%259D%259F%2590.zip/file"
  },
  {
    "name": "SC DDOS PLAN",
    "link": "https://www.mediafire.com/file/zej81y7e5y9r8xl/BOTPLANSDDOS_%2540RIKZ.zip/file"
  },
  {
    "name": "SC BUG DELTA V15",
    "link": "https://www.mediafire.com/file/17wwhimickrjjpf/DeltaV15-NO-DB+SHERE+BY+ABIX.zip/file"
  },
  {
    "name": "SC VINCENT V4",
    "link": "https://www.mediafire.com/file/xfljgg5n7qxqzln/𝑿_𝑽𝒊𝒏𝒄𝒆𝒏𝒕_𝑽𝒆𝒓𝒔𝒊𝒐𝒏4🐉🦠_+SHERE+BY+ABIX.zip/file"
  },
  {
    "name": "ZOXXO V1.0 VIA TELE",
    "link": "https://www.mediafire.com/file/gae111uy5w4b5m0/𝐙𝐎𝐗𝐗𝐎+𝐕𝟏+SHERE+BY+ABIX🥶.zip/file"
  },
  {
    "name": "SC GreenLatern V1 No Enc",
    "link": "https://www.mediafire.com/file/dpvgkrqlqyy8plz/Green+Lantern+V1+no+enc.zip/file"
  },
  {
    "name": "Script Ayaka-MD",
    "link": "https://www.mediafire.com/file/uby3c6uuypxq0rk/%E7%9B%8A_%F0%9D%90%80%F0%9D%90%B2%F0%9D%90%9A%F0%9D%90%A4%F0%9D%90%9A-%F0%9D%90%8C%F0%9D%90%9D%40Limmvz.zip/file"
  },
  {
    "name": "Simple Bot-MD",
    "link": "https://www.mediafire.com/file/map32qcbvg9xpz7/rizaldev+only+simple+bot+(3.0.1.).zip/file"
  },
  {
    "name": "Hitori MD NewUpdate",
    "link": "https://www.mediafire.com/file/kilfocc2ejhx87u/hitori-newUpdate.zip/file"
  },
  {
    "name": "Script Ryomekdi-MD",
    "link": "https://www.mediafire.com/file/nno22vg81dxnlsq/ryomekdi_%2528rizal-dev%2529.zip/file"
  },
  {
    "name": "SC LutBugs V4",
    "link": "https://www.mediafire.com/file/96lp4u04xwhbj03/✅LutBugs+v4-ViP.zip/file"
  },
  {
    "name": "SC Kurama Crash V1",
    "link": "https://www.mediafire.com/file/zjh9l54o8kzxgnu/%25F0%259D%2590%258A%25F0%259D%2590%25AE%25F0%259D%2590%25AB%25F0%259D%2590%259A%25F0%259D%2590%25A6%25F0%259D%2590%259A_%25F0%259D%2590%259C%25F0%259D%2590%25AB%25F0%259D%2590%259A%25F0%259D%2590%25AC%25F0%259D%2590%25A1_V1%2540egi.zip/file"
  },
  {
    "name": "SC IMPROVE V8 GEN 2",
    "link": "https://www.mediafire.com/file/k4quwtscw52ry3r/IMPROVE_V8_GEN_3_ORI.zip/file"
  },
  {
    "name": "SC SIMPLE V3",
    "link": "https://www.mediafire.com/file/h8kbdkx72iercjc/Asisten-Bot-Erlangga-V3.zip/file"
  },
  {
    "name": "SC AMBATUBOT",
    "link": "https://www.mediafire.com/file/ugtuygwbgzu1y8u/%25F0%2592%2586%259C_AmbatuBot_SLimmvz%25F0%259F%2591%2599.zip/file"
  },
  {
    "name": "SC NARUTO-MD V1",
    "link": "https://www.mediafire.com/file/q5od0dng97p64uu/NARUTO+-MD-.zip/file"
  },
  {
    "name": "SC NARUTO-MD V2",
    "link": "https://www.mediafire.com/file/uo4nyotcaia6i2p/NARUTO_-MD_PART2.zip/file"
  },
  {
    "name": "Script ZeroInvicitus-Bug",
    "link": "https://www.mediafire.com/file/qk83sg1vsimcwpd/𝐙𝐞𝐫𝐨𝐈𝐧𝐯𝐢𝐜𝐢𝐭𝐮𝐬+Share+By+Kaizi.zip/file"
  },
  {
    "name": "SC ELLZXZO CRASHER",
    "link": "https://www.mediafire.com/file/sfunfp7nqycov0v/𝐄𝐋𝐋𝐙𝐗𝐙𝐎+𝐂𝐑𝐀𝐒𝐇𝐄𝐑+SHERE+BY+ABIX.zip/file"
  },
  {
    "name": "SC hatsuneMiku-MD",
    "link": "https://www.mediafire.com/file/7llbm0n1frpxczn/Hatsune_Miku_Kyami_Silence.zip/file"
  },
  {
    "name": "Script Silence-MD Fix Error",
    "link": "https://www.mediafire.com/file/m837badshm2yq9i/SILENCE-MD_FIX_EROR_BY_KYAMI_SILENCE.zip/file"
  },
  {
    "name": "SC SHIKANOKO-MD",
    "link": "https://www.mediafire.com/file/kridcjk553535j0/ShikaNoko-MD_Kyami_Silence.zip/file"
  },
  {
    "name": "Script Hutao-MD",
    "link": "https://www.mediafire.com/file/auwtb69gqbq8htv/HuTao-MD.zip/file"
  },
  {
    "name": "Script VLEDILENA-Md",
    "link": "https://www.mediafire.com/file/48usl5x0axdb66g/VLEDILENA-MD_V1.zip/file"
  },
  {
    "name": "SC ZeroTwo-MD",
    "link": "https://www.mediafire.com/file/4u70unw38h6vxm4/Kyami_MD_%2528Safefileku%2529_%25284%2529.zip/file"
  },
  {
    "name": "SC KyamiAi-MD",
    "link": "https://www.mediafire.com/file/o6v5fso8sqibf3c/Kyami_Ai.zip/file"
  },
  {
    "name": "Script Paradox V2",
    "link": "https://www.mediafire.com/file/cl1cf75t58wlr7o/𝗣𝗮𝗿𝗮𝗱𝗼𝘅𝗩𝟮.zip/file"
  },
  {
    "name": "Script DarkBot - MD",
    "link": "https://www.mediafire.com/file/mi4esgailux7c18/DarkBot%2528share%2529_%2540aima.zip/file"
  },
  {
    "name": "Script Barva V1.0",
    "link": "https://www.mediafire.com/file/w37lao6215i3lsf/B%25D2%2589a%25D2%2589r%25D2%2589v%25D2%2589a%25D2%2589c%25D2%2589r%25D2%2589a%25D2%2589s%25D2%2589h%25D2%2589e%25D2%2589r%25D2%2589.zip/file"
  },
  {
    "name": "SC MoraAi-MD V14",
    "link": "https://www.mediafire.com/file/lcclam7701lf816/moraAI-V14_%25C2%25A9northz.zip/file"
  },
  {
    "name": "SC MoraAi-MD V15",
    "link": "https://www.mediafire.com/file/gpj1z2vcmb6d41a/moraAI-V15-NEW_%25C2%25A9northz.zip/file"
  },
  {
    "name": "Script AstroNoBeta",
    "link": "https://www.mediafire.com/file/yjdyxoz31fhlwgx/%25E2%2586%25AF%25F0%259D%2590%2580%25F0%259D%2590%2592%25F0%259D%2590%2593%25F0%259D%2590%2591%25F0%259D%2590%258E%25F0%259D%2590%258D%25F0%259D%2590%258E%25F0%259D%2590%2581%25F0%259D%2590%2584%25F0%259D%2590%2593%25F0%259D%2590%2580_%25F0%259F%258C%25AA%25E2%2598%2584%25EF%25B8%258F%25C2%25A9%25D1%2595%25CF%2585%25D1%258Fz%25CE%25B1%25D1%2595%25D1%2582%25D1%258F%25CF%2583.zip/file"
  },
  {
    "name": "SC Spider Crash V4",
    "link": "https://www.mediafire.com/file/e1bg5pp4o5rvakg/%25F0%259D%2591%2586%25F0%259D%2591%2583%25F0%259D%2590%25BC%25F0%259D%2590%25B7%25F0%259D%2590%25B8%25F0%259D%2591%2585_%25F0%259D%2591%258B_%25F0%259D%2590%25B6%25F0%259D%2591%2585%25F0%259D%2590%25B4%25F0%259D%2591%2586%25F0%259D%2590%25BB_%25F0%259D%2591%25894_%25F0%259F%2597%25BF.zip/file"
  },
  {
    "name": "SC Zuroku V5.2 Via Tele",
    "link": "https://www.mediafire.com/file/qbkwr41nb6phtsy/A%25CD%25A1%25CD%259Cl%25CD%25A1%25CD%259Cw%25CD%25A1%25CD%259Ca%25CD%25A1%25CD%259Cy%25CD%25A1%25CD%259Cs%25CD%25A1%25CD%259CZ%25CD%25A1%25CD%259Cu%25CD%25A1%25CD%259Cr%25CD%25A1%25CD%259Co%25CD%25A1%25CD%259Ck%25CD%25A1%25CD%259Cu%25CD%25A1%25CD%259C_V%25CD%25A1%25CD%259C5%25CD%25A1%25CD%259C.2_%25F0%2592%2588%2594%25F0%259D%259A%258E%25F0%259D%259A%2597%25F0%259D%259A%258C%25F0%2592%2588%2594.zip/file"
  },
  {
    "name": "Simple Bot V4.5 Premium",
    "link": "https://www.mediafire.com/file/0iq88x4zidc8swn/SimpleBotzv4.5Premium+Button+Share+By+ZeniXs.zip/file"
  },
  {
    "name": "SC XATINUS CRASH 1.0",
    "link": "https://www.mediafire.com/file/oq8s07ruyh0gak7/XATINUS_CRASH_1.0.zip/file"
  },
  {
    "name": "Script Apocalypse V1",
    "link": "https://www.mediafire.com/file/k3dwkai1ca62f2y/ApocalypseVOne.zip/file"
  },
  {
    "name": "Script CiciTzy V1",
    "link": "https://www.mediafire.com/file/tulbb9ng9ydq3ih/𝐂𝐢𝐜𝐢𝐓𝐳𝐲+𝐂𝐫𝐚𝐬𝐡+𝐔𝐢+𝐯𝟏.𝟎💞+(2).zip/file"
  },
  {
    "name": "SC CPANEL WA 2 SERVER",
    "link": "https://www.mediafire.com/file/k8wit36sccb2jj7/CPanel+2+Server+VanzTzy+No+Enc.zip/file"
  },
  {
    "name": "Script PermenMisc V11",
    "link": "https://www.mediafire.com/file/na3novge3cb93m5/PermenMisc_V11_%257B_Release_%257D_001.zip/file"
  },
  {
    "name": "Script Megumin-MD",
    "link": "https://www.mediafire.com/file/ftp7t0shbbepx7b/Megumin-MD-RiviewByYupzAndYuminee_No_Enc_%2540ZeniXs.zip/file"
  },
  {
    "name": "SC RXHL V16 No BD",
    "link": "https://www.mediafire.com/file/zby14k79efpqn7z/Rxhl-V16_No_BackDoor.zip/file"
  },
  {
    "name": "Base Cpanel SkyzoPedia",
    "link": "https://www.mediafire.com/file/gfc35m63l6dd70p/Base+Cpanel+Skyzopedia.zip/file"
  },
  {
    "name": "Script Bot-MD Sejuta Fitur",
    "link": "https://www.mediafire.com/file/odov80gyuxrh4e9/BOT_MD_SHARE_BY_ARDI_OFFC.zip/file"
  },
  {
    "name": "SC BUG SPARTAN V2",
    "link": "https://www.mediafire.com/file/2nc7zy8dapadtxl/SPARTAN_V2.zip/file"
  },
  {
    "name": "Sarashina-MD Telegram",
    "link": "https://www.mediafire.com/file/mfdrs4uomfx277m/RUKA_SARASHINA_MD_V.3.5_%2540egi.zip/file"
  },
  {
    "name": "Serika - MD By © cxzdev",
    "link": "https://www.mediafire.com/file/lnorbigjtcybtuv/Serika_-_MD.zip/file"
  },
  {
    "name": "SC MODZ SIMPLE CPANEL NO ENC",
    "link": "https://www.mediafire.com/file/f5u86q8gjhm1gkc/MODZ_SIMPLE_CPANEL_RAFLIE_DEV.zip/file"
  },
  {
    "name": "XTRASHION TROUBLE key : amoyzdev",
    "link": "https://www.mediafire.com/file/aj6gtgsqug1i5be/𝙓𝙏𝙍𝘼𝙎𝙃𝙄𝙊𝙉+𝙏𝙍𝙊𝙐𝘽𝙇𝙀.zip/file"
  },
  {
    "name": "script biyu bot v1",
    "link": "https://www.mediafire.com/file/dfwsmnwv7w32s7y/Biyu+Botz+1.0.zip/file"
  },
  {
    "name": "script Noxius bug",
    "link": "https://www.mediafire.com/file/c6g3wjn6pkbmasu/%25E7%259B%258A_Noxius_V3_%25CF%259F_YanzXz.zip/file"
  },
  {
    "name": "Script Xlynz Ai",
    "link": "https://www.mediafire.com/file/zgk6id0hhyrz9tq/Xlynz+AI+@Xlynz.zip/file"
  },
  {
    "name": "Base Simple V1.0 Fixed",
    "link": "https://www.mediafire.com/file/j3dudhm4vgpaun0/BASE_SC_LILY_V1.0_FIXXED.zip/file"
  },
  {
    "name": "Zangetsu V2.0 ICHIGO",
    "link": "https://www.mediafire.com/file/v1lj5zj7u58gtwm/Zangetsu_V2.0_fry_ICHIGO.zip/file"
  },
  {
    "name": "Script Cpanel SazxOfficial",
    "link": "https://www.mediafire.com/file/1l4pzylnstf8nbq/𝐒𝐀𝐙𝐱𝐂𝐏𝐀𝐍𝐄𝐋+Fix+Eror.zip/file"
  },
  {
    "name": "Script Store SazxOfficial",
    "link": "https://www.mediafire.com/file/bodjeaej6ppkdv9/New+Script+Store+#SazxOfficial.zip/file"
  },
  {
    "name": "SC Xatanical Invansion",
    "link": "https://www.mediafire.com/file/3mfbwx4e821fxvx/xatanical_invasion.zip/file"
  },
  {
    "name": "Zeus V4 Tele NoEnc",
    "link": "https://www.mediafire.com/file/8v1xjyexb7h45vk/V4+TELE+NO+ENC+@aima.zip/file"
  },
  {
    "name": "SC HELLBOY V2-2",
    "link": "https://www.mediafire.com/file/b7enjbkv6o9h3y1/HELLBOY_V2-2.zip/file"
  },
  {
    "name": "SIMPLE CRASHER V1",
    "link": "https://www.mediafire.com/file/9tj2l5e4djyjnj7/SIMPLE_CRASHER_RAFLIE_DEV_V1_%255BNO_ENC%255D.zip/file"
  },
  {
    "name": "SC CPANEL STEVEN",
    "link": "https://www.mediafire.com/file/j12wgzs0tai64hc/SC_CPANEL_STEVEN%25F0%259F%2597%25BF%25E2%2598%2595v2.zip/file"
  },
  {
    "name": "JustinV16, pw : JustinAndiar",
    "link": "https://www.mediafire.com/file/7jkefiqmq93mu9h/Justin-V16_VIP_Gen1_%2540MAUL_SCRIPT.zip/file"
  },
  {
    "name": "Asuma-MD",
    "link": "https://www.mediafire.com/file/xuyopkpc6amuw5z/Asuma%20Multi%20Device.zip/file"
  },
  {
    "name": "Simple Shop X Cpanel",
    "link": "https://www.mediafire.com/file/4acdrzfhrjc54pl/%F0%9F%8E%AD%E2%83%9F%E2%83%9F_Simple_Shop%2CCpanel_SLimmvz%F0%9F%90%89.zip/file89.zip/fileF0%9D%90%A4%F0%9D%90%A8-%F0%9D%90%8C%F0%9D%90%9D_%F0%9D%90%8B%F0%9D%90%A2%F0%9D%90%A6%F0%9D%90%A6%F0%9D%90%AF%F0%9D%90%B3%F0%9F%90%89.zip/file9A%F0%9D%90%A4%F0%9D%90%A8-%F0%9D%90%8C%F0%9D%90%9D_%F0%9D%90%8B%F0%9D%90%A2%F0%9D%90%A6%F0%9D%90%A6%F0%9D%90%AF%F0%9D%90%B3%F0%9F%90%89.zip/file"
  },
  {
    "name": "SC BotShop V2",
    "link": "https://www.mediafire.com/file/2w1h5r7nspd1xvw/BotShopV2-BY_QOUPAY-FREE.zip/file"
  },
  {
    "name": "SC PAKTZY No Enc",
    "link": "https://www.mediafire.com/file/v04gfspscl94cen/PAKTZYNOENC%2540DanzOffc.zip/file"
  }
]